{
  "regression": {
    "R2": 0.22123524061009414,
    "MAE": 0.2726640146575549,
    "RMSE": 0.3700880683606953
  },
  "classification": {
    "Accuracy": 0.8992172211350293,
    "Precision": 0.7391304347826086,
    "Recall": 0.053125,
    "F1": 0.09912536443148688
  }
}